date,close_spy,volume_spy,close_vix,log_return,lag_return,volatility_30d,volume_z_30d,target_next_return,headlines_count,sentiment_mean,sentiment_median,sentiment_min,sentiment_max,sentiment_mean_lag1,headlines_count_lag1,sentiment_mean_lag2,sentiment_mean_lag3,headlines_count_lag2,headlines_count_lag3
2025-06-23,600.1500244140625,87426000,19.829999923706055,0.009829026584036171,-0.0053032263725523165,0.009343138306468638,1.1428274905704416,0.010986670773378115,0,0.0,0.0,0.0,0.0,0.0,0,0.0,0.0,0.0,0.0
2025-06-24,606.780029296875,67735300,17.479999542236328,0.010986670773378115,0.009829026584036171,0.009461999387018782,-0.5273185095108355,0.0005601216284096822,0,0.0,0.0,0.0,0.0,0.0,0,0.0,0.0,0.0,0.0
2025-06-25,607.1199951171875,62114800,16.760000228881836,0.0005601216284096822,0.010986670773378115,0.0075657901301419426,-0.9669922386578153,0.007793376614487535,0,0.0,0.0,0.0,0.0,0.0,0,0.0,0.0,0.0,0.0
2025-06-26,611.8699951171875,78548400,16.59000015258789,0.007793376614487535,0.0005601216284096822,0.007597825348996554,0.45224381475636316,0.004956038292762699,0,0.0,0.0,0.0,0.0,0.0,0,0.0,0.0,0.0,0.0
2025-06-27,614.9099731445312,86258400,16.31999969482422,0.004956038292762699,0.007793376614487535,0.00762554183807761,1.0597621334267513,0.004769798075327181,0,0.0,0.0,0.0,0.0,0.0,0,0.0,0.0,0.0,0.0
2025-06-30,617.8499755859375,92502500,16.729999542236328,0.004769798075327181,0.004956038292762699,0.0076240060045635735,1.4819043299690524,-0.0003236765254888141,0,0.0,0.0,0.0,0.0,0.0,0,0.0,0.0,0.0,0.0
2025-07-01,617.6500244140625,70030100,16.829999923706055,-0.0003236765254888141,0.004769798075327181,0.00757598910800212,-0.3813667226794672,0.0045230473849446895,0,0.0,0.0,0.0,0.0,0.0,0,0.0,0.0,0.0,0.0
2025-07-02,620.4500122070312,66510400,16.639999389648438,0.0045230473849446895,-0.0003236765254888141,0.007598759223931337,-0.6687262806359088,0.007850503872321113,0,0.0,0.0,0.0,0.0,0.0,0,0.0,0.0,0.0,0.0
2025-07-03,625.3400268554688,51065800,16.3799991607666,0.007850503872321113,0.0045230473849446895,0.007631768955807083,-1.8513964727624903,-0.0074799053524596815,0,0.0,0.0,0.0,0.0,0.0,0,0.0,0.0,0.0,0.0
2025-07-07,620.6799926757812,74814500,17.790000915527344,-0.0074799053524596815,0.007850503872321113,0.006995942435180167,0.10703709865212839,-0.0005478812967822932,0,0.0,0.0,0.0,0.0,0.0,0,0.0,0.0,0.0,0.0
2025-07-08,620.3400268554688,59024600,16.809999465942383,-0.0005478812967822932,-0.0074799053524596815,0.0070059534473374254,-1.162320671956223,0.005978755562775717,0,0.0,0.0,0.0,0.0,0.0,0,0.0,0.0,0.0,0.0
2025-07-09,624.0599975585938,66113300,15.9399995803833,0.005978755562775717,-0.0005478812967822932,0.006832499011455484,-0.549385254433385,0.0028162878388942048,0,0.0,0.0,0.0,0.0,0.0,0,0.0,0.0,0.0,0.0
2025-07-10,625.8200073242188,57529000,15.779999732971191,0.0028162878388942048,0.005978755562775717,0.005919892998736136,-1.1810130541892454,-0.0035216008393907927,0,0.0,0.0,0.0,0.0,0.0,0,0.0,0.0,0.0,0.0
2025-07-11,623.6199951171875,63670200,16.399999618530273,-0.0035216008393907927,0.0028162878388942048,0.005831561876623229,-0.6734984497854507,0.0019063989311298712,0,0.0,0.0,0.0,0.0,0.0,0,0.0,0.0,0.0,0.0
2025-07-14,624.8099975585938,51898500,17.200000762939453,0.0019063989311298712,-0.0035216008393907927,0.005819754177279059,-1.4969217206691534,-0.004282428268111538,0,0.0,0.0,0.0,0.0,0.0,0,0.0,0.0,0.0,0.0
2025-07-15,622.1400146484375,74317300,17.3799991607666,-0.004282428268111538,0.0019063989311298712,0.0059045307929831686,0.261332909491342,0.003337652058813312,0,0.0,0.0,0.0,0.0,0.0,0,0.0,0.0,0.0,0.0
2025-07-16,624.219970703125,88987500,17.15999984741211,0.003337652058813312,-0.004282428268111538,0.00586830552983912,1.3198203774776585,0.006101000318944116,0,0.0,0.0,0.0,0.0,0.0,0,0.0,0.0,0.0,0.0
2025-07-17,628.0399780273438,68885700,16.520000457763672,0.006101000318944116,0.003337652058813312,0.005878431335268831,-0.2502579954650635,-0.0007326435702887935,0,0.0,0.0,0.0,0.0,0.0,0,0.0,0.0,0.0,0.0
2025-07-18,627.5800170898438,65621600,16.40999984741211,-0.0007326435702887935,0.006101000318944116,0.0058845084320235065,-0.5360116517079073,0.0018943809648543919,0,0.0,0.0,0.0,0.0,0.0,0,0.0,0.0,0.0,0.0
2025-07-21,628.77001953125,63375000,16.649999618530273,0.0018943809648543919,-0.0007326435702887935,0.005752220485672594,-0.6629597359662699,0.00014307200069385573,0,0.0,0.0,0.0,0.0,0.0,0,0.0,0.0,0.0,0.0
2025-07-22,628.8599853515625,60046300,16.5,0.00014307200069385573,0.0018943809648543919,0.005543214822146724,-0.9084165980733048,0.008471531405706223,0,0.0,0.0,0.0,0.0,0.0,0,0.0,0.0,0.0,0.0
2025-07-23,634.2100219726562,70511000,15.369999885559082,0.008471531405706223,0.00014307200069385573,0.005680273505407865,-0.10760111216970256,0.0003310042149538006,0,0.0,0.0,0.0,0.0,0.0,0,0.0,0.0,0.0,0.0
2025-07-24,634.4199829101562,71307100,15.390000343322754,0.0003310042149538006,0.008471531405706223,0.005640879565038191,-0.05457890099980316,0.004215422064667074,0,0.0,0.0,0.0,0.0,0.0,0,0.0,0.0,0.0,0.0
2025-07-25,637.0999755859375,56865400,14.930000305175781,0.004215422064667074,0.0003310042149538006,0.005591951529446941,-1.2049789802302704,-0.00025112735570509415,0,0.0,0.0,0.0,0.0,0.0,0,0.0,0.0,0.0,0.0
2025-07-28,636.9400024414062,54917100,15.029999732971191,-0.00025112735570509415,0.004215422064667074,0.005591859531982076,-1.308072826511969,-0.0026410841631854254,0,0.0,0.0,0.0,0.0,0.0,0,0.0,0.0,0.0,0.0
2025-07-29,635.260009765625,60556300,15.979999542236328,-0.0026410841631854254,-0.00025112735570509415,0.005099730849657248,-0.7970692483301982,-0.0012601012488229202,0,0.0,0.0,0.0,0.0,0.0,0,0.0,0.0,0.0,0.0
2025-07-30,634.4600219726562,80418900,15.479999542236328,-0.0012601012488229202,-0.0026410841631854254,0.0049365844189097055,0.8569161892249545,-0.003758282582168704,0,0.0,0.0,0.0,0.0,0.0,0,0.0,0.0,0.0,0.0
2025-07-31,632.0800170898438,103385200,16.719999313354492,-0.003758282582168704,-0.0012601012488229202,0.004660556344702455,2.4483368172153246,-0.016526211959548398,0,0.0,0.0,0.0,0.0,0.0,0,0.0,0.0,0.0,0.0
2025-08-01,621.719970703125,140103600,20.3799991607666,-0.016526211959548398,-0.003758282582168704,0.005739828572411673,3.66117877458766,0.015085429316188836,0,0.0,0.0,0.0,0.0,0.0,0,0.0,0.0,0.0,0.0
2025-08-04,631.1699829101562,73218000,17.520000457763672,0.015085429316188836,-0.016526211959548398,0.006121939061590675,0.05358601818694586,-0.005082864835386225,0,0.0,0.0,0.0,0.0,0.0,0,0.0,0.0,0.0,0.0
2025-08-05,627.969970703125,68051400,17.850000381469727,-0.005082864835386225,0.015085429316188836,0.006070137250008464,-0.20136471887397453,0.007630508716871098,0,0.0,0.0,0.0,0.0,0.0,0,0.0,0.0,0.0,0.0
2025-08-06,632.780029296875,64357500,16.770000457763672,0.007630508716871098,-0.005082864835386225,0.0059185014873519536,-0.4030304217788241,-0.0008379711399975065,0,0.0,0.0,0.0,0.0,0.0,0,0.0,0.0,0.0,0.0
2025-08-07,632.25,74205800,16.56999969482422,-0.0008379711399975065,0.007630508716871098,0.0059308226068651064,0.13054008949224574,0.007767293178963186,0,0.0,0.0,0.0,0.0,0.0,0,0.0,0.0,0.0,0.0
2025-08-08,637.1799926757812,64051600,15.149999618530273,0.007767293178963186,-0.0008379711399975065,0.005929847574654624,-0.4174920022495112,-0.001979436338384488,0,0.0,0.0,0.0,0.0,0.0,0,0.0,0.0,0.0,0.0
2025-08-11,635.9199829101562,58742300,16.25,-0.001979436338384488,0.007767293178963186,0.005919642651749307,-0.6694935739739187,0.010589754305315502,0,0.0,0.0,0.0,0.0,0.0,0,0.0,0.0,0.0,0.0
2025-08-12,642.6900024414062,64730800,14.729999542236328,0.010589754305315502,-0.001979436338384488,0.006134836300170661,-0.2835351411454851,0.003417285634725431,0,0.0,0.0,0.0,0.0,0.0,0,0.0,0.0,0.0,0.0
2025-08-13,644.8900146484375,60092800,14.489999771118164,0.003417285634725431,0.010589754305315502,0.006138421679333602,-0.5327945832540308,9.30310075473173e-05,0,0.0,0.0,0.0,0.0,0.0,0,0.0,0.0,0.0,0.0
2025-08-14,644.9500122070312,59327500,14.829999923706055,9.30310075473173e-05,0.003417285634725431,0.0061149024025547545,-0.5604930808774201,-0.0023440269481254106,0,0.0,0.0,0.0,0.0,0.0,0,0.0,0.0,0.0,0.0
2025-08-15,643.4400024414062,68592500,15.09000015258789,-0.0023440269481254106,9.30310075473173e-05,0.006020337498763401,-0.05894164496966547,-0.00021762694880500533,0,0.0,0.0,0.0,0.0,0.0,0,0.0,0.0,0.0,0.0
2025-08-18,643.2999877929688,43804900,14.989999771118164,-0.00021762694880500533,-0.0023440269481254106,0.005812042717337909,-1.4112105642188015,-0.005439905979530479,0,0.0,0.0,0.0,0.0,0.0,0,0.0,0.0,0.0,0.0
2025-08-19,639.8099975585938,69750700,15.569999694824219,-0.005439905979530479,-0.00021762694880500533,0.0059300061639524755,0.04792657801417137,-0.002660594141413064,0,0.0,0.0,0.0,0.0,0.0,0,0.0,0.0,0.0,0.0
2025-08-20,638.1099853515625,88890300,15.6899995803833,-0.002660594141413064,-0.005439905979530479,0.005891046951182645,1.0787766016101423,-0.004019912786724866,0,0.0,0.0,0.0,0.0,0.0,0,0.0,0.0,0.0,0.0
2025-08-21,635.5499877929688,54805800,16.600000381469727,-0.004019912786724866,-0.002660594141413064,0.005940062219559648,-0.8262722749527446,0.015240071172987868,0,0.0,0.0,0.0,0.0,0.0,0,0.0,0.0,0.0,0.0
2025-08-22,645.3099975585938,84083200,14.220000267028809,0.015240071172987868,-0.004019912786724866,0.006464955001698967,0.766105136150009,-0.00441074023477217,0,0.0,0.0,0.0,0.0,0.0,0,0.0,0.0,0.0,0.0
2025-08-25,642.469970703125,51274300,14.789999961853027,-0.00441074023477217,0.015240071172987868,0.00654154474249531,-1.0502158888877755,0.004178228951063012,0,0.0,0.0,0.0,0.0,0.0,0,0.0,0.0,0.0,0.0
2025-08-26,645.1599731445312,51581600,14.619999885559082,0.004178228951063012,-0.00441074023477217,0.006491303032676345,-0.9751694231977869,0.0022759618790200165,0,0.0,0.0,0.0,0.0,0.0,0,0.0,0.0,0.0,0.0
2025-08-27,646.6300048828125,48341100,14.850000381469727,0.0022759618790200165,0.004178228951063012,0.006482197319700431,-1.077237385076805,0.003535147904431213,0,0.0,0.0,0.0,0.0,0.0,0,0.0,0.0,0.0,0.0
2025-08-28,648.9199829101562,61519500,14.430000305175781,0.003535147904431213,0.0022759618790200165,0.006431701160315117,-0.3457509126123778,-0.005981601959390126,0,0.0,0.0,0.0,0.0,0.0,0,0.0,0.0,0.0,0.0
2025-08-29,645.0499877929688,74522200,15.359999656677246,-0.005981601959390126,0.003535147904431213,0.006553245341969227,0.34383481628207213,-0.007437821352794138,0,0.0,0.0,0.0,0.0,0.0,0,0.0,0.0,0.0,0.0
2025-09-02,640.27001953125,81983500,17.170000076293945,-0.007437821352794138,-0.005981601959390126,0.006724420948548551,0.7091888744521335,0.005404909812383174,0,0.0,0.0,0.0,0.0,0.0,0,0.0,0.0,0.0,0.0
2025-09-03,643.739990234375,70820900,16.350000381469727,0.005404909812383174,-0.007437821352794138,0.006780370002074746,0.08967430633639603,0.00832268922936219,0,0.0,0.0,0.0,0.0,0.0,0,0.0,0.0,0.0,0.0
2025-09-04,649.1199951171875,65219200,15.300000190734863,0.00832268922936219,0.005404909812383174,0.0067745994520125846,-0.20319033535563624,-0.0029004384924311566,0,0.0,0.0,0.0,0.0,0.0,0,0.0,0.0,0.0,0.0
2025-09-05,647.239990234375,85178900,15.180000305175781,-0.0029004384924311566,0.00832268922936219,0.006807505157478312,0.8386081772591065,0.002453613839030311,250,-0.0069324,0.0,-0.886,0.9698,0.0,0,0.0,0.0,0.0,0.0
2025-09-08,648.8300170898438,63133100,15.109999656677246,0.002453613839030311,-0.0029004384924311566,0.006783393566963237,-0.34972122142407414,0.0023091853614305435,250,-0.032993999999999996,0.0,-0.8934,0.9118,-0.0069324,250,0.0,0.0,0.0,0.0
2025-09-09,650.3300170898438,66133900,15.039999961853027,0.0023091853614305435,0.002453613839030311,0.006788314331630951,-0.21106544108852565,0.0028866770032767164,250,0.0301036,0.0,-0.7906,0.9124,-0.032993999999999996,250,-0.0069324,0.0,250.0,0.0
2025-09-10,652.2100219726562,78034500,15.350000381469727,0.0028866770032767164,0.0023091853614305435,0.006769677210341942,0.40292071429819376,0.008275840916968313,250,0.040116,0.0,-0.8271,0.873,0.0301036,250,-0.032993999999999996,-0.0069324,250.0,250.0
2025-09-11,657.6300048828125,69934400,14.710000038146973,0.008275840916968313,0.0028866770032767164,0.0068886656448324856,-0.01789345589900831,-0.0003346388611920048,250,-0.0665544,0.0,-0.6597,0.8225,0.040116,250,0.0301036,-0.032993999999999996,250.0,250.0
2025-09-12,657.4099731445312,72780100,14.760000228881836,-0.0003346388611920048,0.008275840916968313,0.006831891846339651,0.20520110580148626,0.005309800906971418,250,0.1410712,0.0,-0.802,0.8885,-0.0665544,250,0.040116,0.0301036,250.0,250.0
2025-09-15,660.9099731445312,63772400,15.6899995803833,0.005309800906971418,-0.0003346388611920048,0.005975679903652981,-0.2688037319260904,-0.0013777975895168382,250,-0.07526680000000001,0.0,-0.8834,0.7269,0.1410712,250,-0.0665544,0.040116,250.0,250.0
2025-09-16,660.0,61169000,16.360000610351562,-0.0013777975895168382,0.005309800906971418,0.005470731179695992,-0.47226924410425586,-0.0012432078024016135,250,0.0646748,0.0,-0.8555,0.8689,-0.07526680000000001,250,0.1410712,-0.0665544,250.0,250.0
2025-09-17,659.1799926757812,101952200,15.720000267028809,-0.0012432078024016135,-0.0013777975895168382,0.005355382680623654,2.727167401188211,0.004661615603763103,250,-0.03925999999999999,0.0,-0.7096,0.9291,0.0646748,250,-0.07526680000000001,0.1410712,250.0,250.0
2025-09-18,662.260009765625,90459200,15.699999809265137,0.004661615603763103,-0.0012432078024016135,0.005267126547467206,1.6636981166379181,0.002172015722439191,250,-0.022062799999999997,0.0,-0.6486,0.872,-0.03925999999999999,250,0.0646748,-0.07526680000000001,250.0,250.0
2025-09-19,663.7000122070312,97945600,15.449999809265137,0.002172015722439191,0.004661615603763103,0.005249341836068686,2.011007552372611,0.0047199188082895915,250,0.0191068,0.0,-0.765,0.9022,-0.022062799999999997,250,-0.03925999999999999,0.0646748,250.0,250.0
2025-09-22,666.8400268554688,69452200,16.100000381469727,0.0047199188082895915,0.002172015722439191,0.0051548829787736485,0.012891009350035858,-0.005458462106667561,250,0.041919200000000004,0.0,-0.8555,0.8658,0.0191068,250,-0.022062799999999997,-0.03925999999999999,250.0,250.0
2025-09-23,663.2100219726562,81708900,16.639999389648438,-0.005458462106667561,0.0047199188082895915,0.005274000981405407,0.8136233047030027,-0.0031866378358165193,250,0.0818336,0.0516,-0.7351,0.7196,0.041919200000000004,250,0.0191068,-0.022062799999999997,250.0,250.0
2025-09-24,661.0999755859375,68082200,16.18000030517578,-0.0031866378358165193,-0.005458462106667561,0.005040916352341053,-0.14403634364251827,-0.004624179680054574,250,0.0139376,0.0,-0.8271,0.7906,0.0818336,250,0.041919200000000004,0.0191068,250.0,250.0
2025-09-25,658.0499877929688,89622100,16.739999771118164,-0.004624179680054574,-0.0031866378358165193,0.005117935891197022,1.2651115803205313,0.005712728978095605,250,-0.08853520000000001,0.0,-0.802,0.8415,0.0139376,250,0.0818336,0.041919200000000004,250.0,250.0
2025-09-26,661.8200073242188,69179200,15.289999961853027,0.005712728978095605,-0.004624179680054574,0.005198177417413483,-0.15764032957769614,0.002806467857221051,250,-0.0371712,0.0,-0.8842,0.6808,-0.08853520000000001,250,0.0139376,0.0818336,250.0,250.0
2025-09-29,663.6799926757812,73499000,16.1200008392334,0.002806467857221051,0.005712728978095605,0.005173679921668196,0.12998031488258485,0.003759798734535913,250,-0.0037632000000000013,0.0,-0.8151,0.9231,-0.0371712,250,-0.08853520000000001,0.0139376,250.0,250.0
2025-09-30,666.1799926757812,86288000,16.280000686645508,0.003759798734535913,0.002806467857221051,0.005191474919824846,0.9679911269981835,0.003401724390952765,250,0.1155412,0.0,-0.6705,0.891,-0.0037632000000000013,250,-0.0371712,-0.08853520000000001,250.0,250.0
2025-10-01,668.4500122070312,72545400,16.290000915527344,0.003401724390952765,0.003759798734535913,0.005052701662163111,-0.04277763410205911,0.0011511936291652702,0,0.0,0.0,0.0,0.0,0.1155412,250,-0.0037632000000000013,-0.0371712,250.0,250.0
2025-10-02,669.219970703125,56896000,16.6299991607666,0.0011511936291652702,0.003401724390952765,0.0049930925329946625,-1.111089564605671,-1.4866269469671067e-05,250,0.020298799999999995,0.0,-0.7579,0.7717,0.0,0,0.1155412,-0.0037632000000000013,250.0,250.0
2025-10-03,669.2100219726562,70494400,16.649999618530273,-1.4866269469671067e-05,0.0011511936291652702,0.004890505009942645,-0.15777447408817794,0.003579848046447509,250,0.05029839999999999,0.0,-0.8847,0.8415,0.020298799999999995,250,0.0,0.1155412,0.0,250.0
2025-10-06,671.6099853515625,54623300,16.3700008392334,0.003579848046447509,-1.4866269469671067e-05,0.004192499121068633,-1.260614627555469,-0.0037143841540672184,250,0.0409788,0.0,-0.8881,0.872,0.05029839999999999,250,0.020298799999999995,0.0,250.0,0.0
2025-10-07,669.1199951171875,72020100,17.239999771118164,-0.0037143841540672184,0.003579848046447509,0.004161422941634643,-0.021398763214446868,0.00594533283456844,250,0.057829200000000004,0.0,-0.8016,0.872,0.0409788,250,0.05029839999999999,0.020298799999999995,250.0,250.0
2025-10-08,673.1099853515625,60702200,16.299999237060547,0.00594533283456844,-0.0037143841540672184,0.0042149283830737695,-0.951201064810137,-0.002901223169488709,250,0.0399692,0.0,-0.8316,0.8415,0.057829200000000004,250,0.0409788,0.05029839999999999,250.0,250.0
2025-10-09,671.1599731445312,66501900,16.43000030517578,-0.002901223169488709,0.00594533283456844,0.004283828641182901,-0.5725933855242213,-0.0273997320200996,250,0.0812164,0.0,-0.6597,0.9246,0.0399692,250,0.057829200000000004,0.0409788,250.0,250.0
2025-10-10,653.02001953125,159422600,21.65999984741211,-0.0273997320200996,-0.002901223169488709,0.006734677815332463,4.268518719411492,0.015227500463862675,250,-0.18928319999999998,0.0,-0.8934,0.765,0.0812164,250,0.0399692,0.057829200000000004,250.0,250.0
2025-10-13,663.0399780273438,79560500,19.030000686645508,0.015227500463862675,-0.0273997320200996,0.007161964096102295,0.15039189595294114,-0.0012223889242513053,250,-0.1149064,-0.0772,-0.8271,0.802,-0.18928319999999998,250,0.0812164,0.0399692,250.0,250.0
2025-10-14,662.22998046875,88779600,20.809999465942383,-0.0012223889242513053,0.015227500463862675,0.007000013384221077,0.6097613708562233,0.004429723263551288,250,-0.044309600000000005,0.0,-0.743,0.8402,-0.1149064,250,-0.18928319999999998,0.0812164,250.0,250.0
2025-10-15,665.1699829101562,81702600,20.639999389648438,0.004429723263551288,-0.0012223889242513053,0.006981689205544892,0.22923176270187892,-0.0068335370801655415,250,-0.041543199999999995,0.0,-0.8481,0.8271,-0.044309600000000005,250,-0.1149064,-0.18928319999999998,250.0,250.0
2025-10-16,660.6400146484375,110563300,25.309999465942383,-0.0068335370801655415,0.004429723263551288,0.006988752942155067,1.5673817244666919,0.00566026418894694,250,0.012381999999999999,0.0,-0.8176,0.8625,-0.041543199999999995,250,-0.044309600000000005,-0.1149064,250.0,250.0
2025-10-17,664.3900146484375,96500900,20.780000686645508,0.00566026418894694,-0.0068335370801655415,0.007016190275320054,0.8467314966772042,0.010346764260710906,250,-0.060947600000000005,0.0,-0.9117,0.8481,0.012381999999999999,250,-0.041543199999999995,-0.044309600000000005,250.0,250.0
2025-10-20,671.2999877929688,60493400,18.229999542236328,0.010346764260710906,0.00566026418894694,0.007222517204841221,-0.8993122589924268,-1.4911128311645427e-05,0,0.0,0.0,0.0,0.0,-0.060947600000000005,250,0.012381999999999999,-0.041543199999999995,250.0,250.0
2025-10-21,671.2899780273438,56249000,17.8700008392334,-1.4911128311645427e-05,0.010346764260710906,0.007221950983272536,-1.074146743790983,-0.0052124924021450525,250,0.10760560000000001,0.0,-0.7906,0.8689,0.0,0,-0.060947600000000005,0.012381999999999999,250.0,250.0
2025-10-22,667.7999877929688,80564000,18.600000381469727,-0.0052124924021450525,-1.4911128311645427e-05,0.007302146693130789,0.08525100291813806,0.005912439182597318,250,0.069034,0.0,-0.872,0.8176,0.10760560000000001,250,0.0,-0.060947600000000005,0.0,250.0
2025-10-23,671.760009765625,65604500,17.299999237060547,0.005912439182597318,-0.0052124924021450525,0.007230973002639346,-0.621238295246495,0.00813933255252497,250,0.10897119999999999,0.0,-0.8176,0.9106,0.069034,250,0.10760560000000001,0.0,250.0,0.0
2025-10-24,677.25,74356500,16.3700008392334,0.00813933255252497,0.005912439182597318,0.007353290598153308,-0.20670472999506284,0.011728646645659424,250,-0.027574800000000003,0.0,-0.6872,0.7906,0.10897119999999999,250,0.069034,0.10760560000000001,250.0,250.0
2025-10-27,685.239990234375,63339800,15.789999961853027,0.011728646645659424,0.00813933255252497,0.007573379172260094,-0.731088944759288,0.002652493489028629,250,0.10808240000000001,0.0,-0.8658,0.873,-0.027574800000000003,250,0.10897119999999999,0.069034,250.0,250.0
2025-10-28,687.0599975585938,61738100,16.420000076293945,0.002652493489028629,0.011728646645659424,0.007561719931395511,-0.8089699010261782,0.0004802169496960218,250,0.095124,0.0,-0.765,0.765,0.10808240000000001,250,-0.027574800000000003,0.10897119999999999,250.0,250.0
2025-10-29,687.3900146484375,85657100,16.920000076293945,0.0004802169496960218,0.002652493489028629,0.00754795700129183,0.36532306649160107,-0.011059045996238304,250,-0.043023200000000004,0.0,-0.7783,0.9451,0.095124,250,0.10808240000000001,-0.027574800000000003,250.0,250.0
2025-10-30,679.8300170898438,76335800,16.90999984741211,-0.011059045996238304,0.0004802169496960218,0.0078530256986719,-0.06589251631142636,0.0032748348805329286,250,-0.0335176,0.0,-0.8173,0.875,-0.043023200000000004,250,0.095124,0.10808240000000001,250.0,250.0
2025-10-31,682.0599975585938,87164100,17.440000534057617,0.0032748348805329286,-0.011059045996238304,0.00786189324275359,0.4887514305382884,0.0018749518807332777,250,0.1333968,0.0,-0.765,0.9552,-0.0335176,250,-0.043023200000000004,0.095124,250.0,250.0
2025-11-03,683.3400268554688,57315000,17.170000076293945,0.0018749518807332777,0.0032748348805329286,0.007831446459805798,-0.9598649323275186,-0.011924410043879341,250,0.1158804,0.0,-0.5994,0.8807,0.1333968,250,-0.0335176,-0.043023200000000004,250.0,250.0
2025-11-04,675.239990234375,78427000,19.0,-0.011924410043879341,0.0018749518807332777,0.008094601022845939,0.0793680918439505,0.0034594834147796405,250,-0.098554,0.0,-0.9117,0.8415,0.1158804,250,0.1333968,-0.0335176,250.0,250.0
2025-11-05,677.5800170898438,74402400,18.010000228881836,0.0034594834147796405,-0.011924410043879341,0.008078345882549721,-0.12858661976150956,-0.010787363881969547,250,-0.003719599999999998,0.0,-0.8553,0.8316,-0.098554,250,0.1158804,0.1333968,250.0,250.0
2025-11-06,670.3099975585938,85035300,19.5,-0.010787363881969547,0.0034594834147796405,0.00829699865100364,0.40320945086125753,0.0009840946162027464,250,0.045922,0.0,-0.7506,0.8271,-0.003719599999999998,250,-0.098554,0.1158804,250.0,250.0
2025-11-07,670.969970703125,100592400,19.079999923706055,0.0009840946162027464,-0.010787363881969547,0.008241552476514554,1.0978150807520182,0.015483826837869863,250,-0.1193048,0.0,-0.8834,0.7964,0.045922,250,-0.003719599999999998,-0.098554,250.0,250.0
2025-11-10,681.4400024414062,75842900,17.600000381469727,0.015483826837869863,0.0009840946162027464,0.008679510616641057,-0.10402358376190772,0.002286649813170172,250,0.0850624,0.0,-0.9168,0.8442,-0.1193048,250,0.045922,-0.003719599999999998,250.0,250.0
2025-11-11,683.0,58953400,17.280000686645508,0.002286649813170172,0.015483826837869863,0.008666815651947156,-0.8685442317133119,0.0005562213897327695,250,-0.0379712,0.0,-0.7096,0.8415,0.0850624,250,-0.1193048,0.045922,250.0,250.0
2025-11-12,683.3800048828125,62312500,17.510000228881836,0.0005562213897327695,0.002286649813170172,0.008653273325341479,-0.6859936232420432,-0.016733251094780854,250,0.1165288,0.0,-0.7003,0.8415,-0.0379712,250,0.0850624,-0.1193048,250.0,250.0
2025-11-13,672.0399780273438,103457800,20.0,-0.016733251094780854,0.0005562213897327695,0.009221128082615207,1.1853825564954616,-0.0001636723352538283,250,0.004171599999999999,0.0,-0.8225,0.8225,0.1165288,250,-0.0379712,0.0850624,250.0,250.0
2025-11-14,671.9299926757812,96846700,19.829999923706055,-0.0001636723352538283,-0.016733251094780854,0.0092212543753033,0.8244557477009672,-0.009360130957200674,250,-0.0569416,0.0,-0.7906,0.9201,0.004171599999999999,250,0.1165288,-0.0379712,250.0,250.0
2025-11-17,665.6699829101562,90456100,22.3799991607666,-0.009360130957200674,-0.0001636723352538283,0.00935622399016296,0.4801243746502676,-0.008432960886636032,250,-0.0107396,0.0,-0.743,0.8415,-0.0569416,250,0.004171599999999999,0.1165288,250.0,250.0
2025-11-18,660.0800170898438,114467500,24.690000534057617,-0.008432960886636032,-0.009360130957200674,0.00945481144640797,1.4959084808303391,0.003855706707772022,250,-0.089202,0.0,-0.7845,0.8415,-0.0107396,250,-0.0569416,0.004171599999999999,250.0,250.0
2025-11-19,662.6300048828125,94703000,23.65999984741211,0.003855706707772022,-0.008432960886636032,0.009413653592437614,0.5458513100163681,-0.015359612345631213,250,-0.0313016,0.0,-0.871,0.873,-0.089202,250,-0.0107396,-0.0569416,250.0,250.0
2025-11-20,652.530029296875,165293500,26.420000076293945,-0.015359612345631213,0.003855706707772022,0.009789479071402032,3.032542992615198,0.009911941392574342,250,0.1013128,0.0,-0.8442,0.875,-0.0313016,250,-0.089202,-0.0107396,250.0,250.0
2025-11-21,659.030029296875,123956200,23.43000030517578,0.009911941392574342,-0.015359612345631213,0.00861094227991987,1.6707947435741004,0.014611260573103024,250,-0.0501992,0.0,-0.8481,0.8415,0.1013128,250,-0.0313016,-0.089202,250.0,250.0
2025-11-24,668.72998046875,80437900,20.520000457763672,0.014611260573103024,0.009911941392574342,0.008574777285625482,-0.19804693617642302,0.009361986983068782,250,0.18625,0.0,-0.8825,0.9236,-0.0501992,250,0.1013128,-0.0313016,250.0,250.0
2025-11-25,675.02001953125,81077100,18.559999465942383,0.009361986983068782,0.014611260573103024,0.008727021069250138,-0.15958801498411757,0.0068797393999453504,250,0.11216,0.0,-0.8591,0.8658,0.18625,250,-0.0501992,0.1013128,250.0,250.0
2025-11-26,679.6799926757812,71879600,17.190000534057617,0.0068797393999453504,0.009361986983068782,0.008775062212270611,-0.5377183680216564,0.005443639892849461,250,0.1914108,0.1779,-0.7783,0.875,0.11216,250,0.18625,-0.0501992,250.0,250.0
2025-11-28,683.3900146484375,49212000,16.350000381469727,0.005443639892849461,0.0068797393999453504,0.008696608817463258,-1.399569584911435,-0.004575921392619975,250,0.097708,0.0,-0.7717,0.8807,0.1914108,250,0.11216,0.18625,250.0,250.0
2025-12-01,680.27001953125,61201200,17.239999771118164,-0.004575921392619975,0.005443639892849461,0.008713467878432309,-0.8393318619432593,0.001850506799836893,250,0.0214772,0.0,-0.7644,0.7964,0.097708,250,0.1914108,0.11216,250.0,250.0
2025-12-02,681.530029296875,62953800,16.59000015258789,0.001850506799836893,-0.004575921392619975,0.008528153813160173,-0.771627633185161,0.0034567936981231284,250,0.055552,0.0,-0.8553,0.8658,0.0214772,250,0.097708,0.1914108,250.0,250.0
2025-12-03,683.8900146484375,57238500,16.079999923706055,0.0034567936981231284,0.001850506799836893,0.008544406938769759,-1.014534185364734,0.000730844580860257,250,0.0282696,0.0,-0.8316,0.913,0.055552,250,0.0214772,0.097708,250.0,250.0
2025-12-04,684.3900146484375,61970300,15.779999732971191,0.000730844580860257,0.0034567936981231284,0.00847311835979892,-0.7808399311298788,0.0018976821307941094,250,0.0388132,0.0,-0.7096,0.7351,0.0282696,250,0.055552,0.0214772,250.0,250.0
2025-12-05,685.6900024414062,79241000,15.40999984741211,0.0018976821307941094,0.000730844580860257,0.008421428398516003,-0.0818759105406988,-0.003008791373297015,250,0.060367599999999993,0.0,-0.765,0.8415,0.0388132,250,0.0282696,0.055552,250.0,250.0
2025-12-08,683.6300048828125,55231500,16.65999984741211,-0.003008791373297015,0.0018976821307941094,0.008326543765800035,-1.0417474587007067,-0.0008634518932950641,250,-0.017869599999999996,0.0,-0.7964,0.8176,0.060367599999999993,250,0.0388132,0.0282696,250.0,250.0
2025-12-09,683.0399780273438,58310100,16.93000030517578,-0.0008634518932950641,-0.003008791373297015,0.008043800007726065,-0.9030282414990379,0.006610262351014029,250,-0.010478399999999999,0.0,-0.8074,0.8415,-0.017869599999999996,250,0.060367599999999993,0.0388132,250.0,250.0
2025-12-10,687.5700073242188,85671300,15.770000457763672,0.006610262351014029,-0.0008634518932950641,0.008122690717026098,0.18517190930758212,0.0023242969879424535,250,0.0181468,0.0,-0.7783,0.7783,-0.010478399999999999,250,-0.017869599999999996,0.060367599999999993,250.0,250.0
2025-12-11,689.1699829101562,86173700,14.850000381469727,0.0023242969879424535,0.006610262351014029,0.008133227292193543,0.20518212653684303,-0.010810246103951648,250,-0.021193999999999998,0.0,-0.6597,0.7717,0.0181468,250,-0.010478399999999999,-0.017869599999999996,250.0,250.0
2025-12-12,681.760009765625,113160300,15.739999771118164,-0.010810246103951648,0.0023242969879424535,0.008121589286349413,1.2348667025397744,-0.001511981006077967,250,-0.0474812,0.0,-0.7927,0.873,-0.021193999999999998,250,0.0181468,-0.010478399999999999,250.0,250.0
2025-12-15,680.72998046875,90811000,16.5,-0.001511981006077967,-0.010810246103951648,0.00810395518561988,0.331378134651241,-0.0027360790604626928,250,-0.004784399999999999,0.0,-0.8402,0.875,-0.0474812,250,-0.021193999999999998,0.0181468,250.0,250.0
2025-12-16,678.8699951171875,122030600,16.479999542236328,-0.0027360790604626928,-0.001511981006077967,0.008109616565726497,1.4662952652474537,-0.011064523100349,250,-0.065012,0.0,-0.802,0.8689,-0.004784399999999999,250,-0.0474812,-0.021193999999999998,250.0,250.0
2025-12-17,671.4000244140625,110625200,17.6200008392334,-0.011064523100349,-0.0027360790604626928,0.008068231100423,0.9608380516739013,0.007522936512216916,250,-0.0451756,0.0,-0.765,0.8415,-0.065012,250,-0.004784399999999999,-0.0474812,250.0,250.0
2025-12-18,676.469970703125,108650100,16.8700008392334,0.007522936512216916,-0.011064523100349,0.008165138969484797,0.8327096444999822,0.006072051078881202,250,-0.03969840000000001,0.0,-0.7635,0.8074,-0.0451756,250,-0.065012,-0.004784399999999999,250.0,250.0
2025-12-19,680.5900268554688,103599500,14.90999984741211,0.006072051078881202,0.007522936512216916,0.007979037406857398,0.6113321123379686,0.006210548734108201,250,0.1058936,0.0,-0.8579,0.875,-0.03969840000000001,250,-0.0451756,-0.065012,250.0,250.0
2025-12-22,684.8300170898438,69556700,14.079999923706055,0.006210548734108201,0.006072051078881202,0.00804657776919441,-0.6436446129466331,0.004560071413091116,250,0.151262,0.0,-0.7717,0.9091,0.1058936,250,-0.03969840000000001,-0.0451756,250.0,250.0
2025-12-23,687.9600219726562,64840000,14.0,0.004560071413091116,0.006210548734108201,0.007587723183258396,-0.8018076179133136,0.003511449061324612,250,0.2128084,0.1779,-0.8516,0.8481,0.151262,250,0.1058936,-0.03969840000000001,250.0,250.0
2025-12-24,690.3800048828125,39445600,13.470000267028809,0.003511449061324612,0.004560071413091116,0.0076019659613256315,-1.6756112473818385,-0.00010140918548717792,250,0.1056084,0.0,-0.6249,0.8271,0.2128084,250,0.151262,0.1058936,250.0,250.0
2025-12-26,690.3099975585938,41613300,13.600000381469727,-0.00010140918548717792,0.003511449061324612,0.007602323550952035,-1.5245370207507367,-0.003570013109276182,250,0.18913239999999998,0.0,-0.8074,0.875,0.1056084,250,0.2128084,0.151262,250.0,250.0
2025-12-29,687.8499755859375,62559500,14.199999809265137,-0.003570013109276182,-0.00010140918548717792,0.006933620707907245,-0.735618210416873,-0.0012218930418645968,250,0.0383104,0.0,-0.7876,0.8625,0.18913239999999998,250,0.1056084,0.2128084,250.0,250.0
2025-12-30,687.010009765625,47160700,14.329999923706055,-0.0012218930418645968,-0.003570013109276182,0.006941248874686413,-1.1931409649854383,-0.00743653852295445,250,-0.031738,0.0,-0.9117,0.836,0.0383104,250,0.18913239999999998,0.1056084,250.0,250.0
2025-12-31,681.9199829101562,74144800,14.949999809265137,-0.00743653852295445,-0.0012218930418645968,0.006853057756795277,-0.2446501271467038,0.0018313816388202397,250,0.06859,0.0,-0.7579,0.866,-0.031738,250,0.0383104,0.18913239999999998,250.0,250.0
2026-01-02,683.1699829101562,89377200,14.510000228881836,0.0018313816388202397,-0.00743653852295445,0.006628545788331367,0.3163177836824774,0.006638030263930617,250,0.0556656,0.0,-0.8399,0.836,0.06859,250,-0.031738,0.0383104,250.0,250.0
2026-01-05,687.719970703125,71927200,14.899999618530273,0.006638030263930617,0.0018313816388202397,0.006686972179498434,-0.2729457188849858,0.005929612162751674,250,-0.004329599999999998,0.0,-0.7293,0.875,0.0556656,250,0.06859,-0.031738,250.0,250.0
2026-01-06,691.8099975585938,69273800,14.75,0.005929612162751674,0.006638030263930617,0.005954249908911274,-0.30866087153720095,-0.003228606522696076,250,0.0849336,0.0,-0.5719,0.7783,-0.004329599999999998,250,0.0556656,0.06859,250.0,250.0
2026-01-07,689.5800170898438,75588300,15.380000114440918,-0.003228606522696076,0.005929612162751674,0.005830269376418567,0.03529140371015886,-0.0001015268371400424,250,0.1371384,0.07715,-0.7096,0.875,0.0849336,250,-0.004329599999999998,0.0556656,250.0,250.0
2026-01-08,689.510009765625,64019200,15.449999809265137,-0.0001015268371400424,-0.003228606522696076,0.005283419154348837,-0.47769239759850296,0.006591615971639264,250,0.094116,0.0,-0.7003,0.8415,0.1371384,250,0.0849336,-0.004329599999999998,250.0,250.0
2026-01-09,694.0700073242188,80125500,14.489999771118164,0.006591615971639264,-0.0001015268371400424,0.0051552434109924765,0.2733883998267167,0.0015691657382674862,250,0.0205572,0.0,-0.8176,0.9081,0.094116,250,0.1371384,0.0849336,250.0,250.0
2026-01-12,695.1599731445312,63976000,15.119999885559082,0.0015691657382674862,0.006591615971639264,0.005033556200896214,-0.4644808671926147,-0.0020014746381917803,250,-0.0728288,0.0,-0.8689,0.8176,0.0205572,250,0.094116,0.1371384,250.0,250.0
2026-01-13,693.77001953125,78309700,15.979999542236328,-0.0020014746381917803,0.0015691657382674862,0.004977419818545181,0.15912206285374436,-0.004927342181618499,250,-0.0277184,0.0,-0.8316,0.8415,-0.0728288,250,0.0205572,0.094116,250.0,250.0
2026-01-14,690.3599853515625,94676700,16.75,-0.004927342181618499,-0.0020014746381917803,0.004990180821592527,0.8779803877465258,0.0027195227465481864,250,-0.0023036000000000007,0.0,-0.7506,0.8415,-0.0277184,250,-0.0728288,0.0205572,250.0,250.0
2026-01-15,692.239990234375,77862000,15.84000015258789,0.0027195227465481864,-0.004927342181618499,0.005000856823919385,0.0612898800237447,-0.000838235622738992,0,0.0,0.0,0.0,0.0,-0.0023036000000000007,250,-0.0277184,-0.0728288,250.0,250.0
2026-01-16,691.6599731445312,79289200,15.859999656677246,-0.000838235622738992,0.0027195227465481864,0.004975288791953022,0.09561954449307737,-0.02056681438294561,250,0.0517844,0.0,-0.8519,0.8415,0.0,0,-0.0023036000000000007,-0.0277184,250.0,250.0
2026-01-20,677.5800170898438,111623300,20.09000015258789,-0.02056681438294561,-0.000838235622738992,0.006273183180709773,1.5240591690055012,0.011474992875157852,250,-0.030466799999999995,0.0,-0.9022,0.7506,0.0517844,250,0.0,-0.0023036000000000007,0.0,250.0
2026-01-21,685.4000244140625,127844500,16.899999618530273,0.011474992875157852,-0.02056681438294561,0.006624494313985434,2.0358488348864503,0.00520956960741259,250,0.059604800000000006,0.0,-0.875,0.7717,-0.030466799999999995,250,0.0517844,0.0,250.0,0.0
2026-01-22,688.97998046875,77112200,15.640000343322754,0.00520956960741259,0.011474992875157852,0.006666180683902552,-0.1847683773897073,0.0003627894295172851,250,0.07158679999999999,0.0,-0.8402,0.8625,0.059604800000000006,250,-0.030466799999999995,0.0517844,250.0,250.0
2026-01-23,689.22998046875,63059600,16.09000015258789,0.0003627894295172851,0.00520956960741259,0.006662814099460767,-0.8153550446859151,0.005065280590233812,250,0.1029704,0.0,-0.743,0.8934,0.07158679999999999,250,0.059604800000000006,-0.030466799999999995,250.0,250.0
2026-01-26,692.72998046875,60473800,16.149999618530273,0.005065280590233812,0.0003627894295172851,0.006618185001421206,-0.8807810098468204,0.0039763343857135425,250,0.0670564,0.0,-0.7184,0.802,0.1029704,250,0.07158679999999999,0.059604800000000006,250.0,250.0
2026-01-27,695.489990234375,55506100,16.350000381469727,0.0039763343857135425,0.005065280590233812,0.006642873464500023,-1.0339898642506795,-0.00010066406256203919,250,0.0782064,0.0,-0.7906,0.873,0.0670564,250,0.1029704,0.07158679999999999,250.0,250.0
2026-01-28,695.4199829101562,61172200,16.350000381469727,-0.00010066406256203919,0.0039763343857135425,0.006304112488350925,-0.7373550424845529,-0.0019863909365822607,250,0.176154,0.07715,-0.7506,0.8442,0.0782064,250,0.0670564,0.1029704,250.0,250.0
2026-01-29,694.0399780273438,97486200,16.8799991607666,-0.0019863909365822607,-0.00010066406256203919,0.006310343957021565,0.8497755971573178,-0.0029870043360062937,250,0.0860428,0.0,-0.9081,0.8442,0.176154,250,0.0782064,0.0670564,250.0,250.0
2026-01-30,691.969970703125,101835100,17.440000534057617,-0.0029870043360062937,-0.0019863909365822607,0.006315145116577026,1.1224261560109798,0.004959001326611201,250,0.0363844,0.0,-0.7269,0.8225,0.0860428,250,0.176154,0.0782064,250.0,250.0
2026-02-02,695.4099731445312,79286500,16.34000015258789,0.004959001326611201,-0.0029870043360062937,0.005958891272922027,0.13953146182292506,-0.008491312500297,250,0.011886399999999998,0.0,-0.8074,0.89,0.0363844,250,0.0860428,0.176154,250.0,250.0
2026-02-03,689.530029296875,107904600,18.0,-0.008491312500297,0.004959001326611201,0.0060862045611384365,1.5173690844065655,-0.004855687699421907,250,0.09408240000000001,0.0,-0.6908,0.9106,0.011886399999999998,250,0.0363844,0.0860428,250.0,250.0
2026-02-04,686.1900024414062,105204600,18.639999389648438,-0.004855687699421907,-0.008491312500297,0.006076730337906314,1.3799985996220159,-0.012567909230256191,250,0.0005528000000000011,0.0,-0.7269,0.891,0.09408240000000001,250,0.011886399999999998,0.0363844,250.0,250.0
2026-02-05,677.6199951171875,113610800,21.770000457763672,-0.012567909230256191,-0.004855687699421907,0.006402474160047274,1.6322148159870988,0.01900308615568136,250,-0.0316716,0.0,-0.8393,0.8481,0.0005528000000000011,250,0.09408240000000001,0.011886399999999998,250.0,250.0
2026-02-06,690.6199951171875,89127600,20.3700008392334,0.01900308615568136,-0.012567909230256191,0.007269016104376526,0.478002017503619,0.004810191601779756,250,0.1100724,0.0,-0.8591,0.8442,-0.0316716,250,0.0005528000000000011,0.09408240000000001,250.0,250.0
2026-02-09,693.9500122070312,73885200,17.360000610351562,0.004810191601779756,0.01900308615568136,0.007293683093581492,-0.28910943414747614,-0.002640585458914657,250,0.09860680000000001,0.0,-0.7506,0.9274,0.1100724,250,-0.0316716,0.0005528000000000011,250.0,250.0
2026-02-10,692.1199951171875,65185700,17.790000915527344,-0.002640585458914657,0.004810191601779756,0.007311675049691916,-0.7919396151626396,-0.00023116170057857488,250,0.0430836,0.0,-0.8074,0.875,0.09860680000000001,250,0.1100724,-0.0316716,250.0,250.0
2026-02-11,691.9600219726562,76353900,17.649999618530273,-0.00023116170057857488,-0.002640585458914657,0.007279425764812027,-0.2460333642478737,-0.015569450219435232,250,0.006542799999999996,0.0,-0.9001,0.8415,0.0430836,250,0.09860680000000001,0.1100724,250.0,250.0
2026-02-12,681.27001953125,118829000,20.81999969482422,-0.015569450219435232,-0.00023116170057857488,0.00782670595466425,1.831940582198576,0.0007042897121278813,250,0.07019,0.0,-0.8225,0.875,0.006542799999999996,250,0.0430836,0.09860680000000001,250.0,250.0
2026-02-13,681.75,96267500,20.600000381469727,0.0007042897121278813,-0.015569450219435232,0.007710272548175006,0.6231194964769372,0.001612158645549755,250,-0.0291452,0.0,-0.8689,0.873,0.07019,250,0.006542799999999996,0.0430836,250.0,250.0
2026-02-17,682.8499755859375,81354700,20.290000915527344,0.001612158645549755,0.0007042897121278813,0.007708572549025214,-0.1336434912756182,0.005025066533240974,250,0.030014,0.0,-0.9001,0.8415,-0.0291452,250,0.07019,0.006542799999999996,250.0,250.0
2026-02-18,686.2899780273438,73570300,19.6200008392334,0.005025066533240974,0.001612158645549755,0.007666072538441451,-0.5399501683857045,-0.0026408495448828617,250,0.005472799999999999,0.0,-0.9001,0.7269,0.030014,250,-0.0291452,0.07019,250.0,250.0
2026-02-19,684.47998046875,58649400,20.229999542236328,-0.0026408495448828617,0.005025066533240974,0.007594161658421114,-1.2699750096731817,0.007205761253732845,250,0.0334192,0.0,-0.7351,0.875,0.005472799999999999,250,0.030014,-0.0291452,250.0,250.0
2026-02-20,689.4299926757812,100034000,19.09000015258789,0.007205761253732845,-0.0026408495448828617,0.007696275632308214,0.7853227179421419,-0.01026379523865284,250,0.026393200000000002,0.0,-0.9187,0.8481,0.0334192,250,0.005472799999999999,0.030014,250.0,250.0
2026-02-23,682.3900146484375,90558100,21.010000228881836,-0.01026379523865284,0.007205761253732845,0.007920929250836614,0.2678561483290283,0.007242225023628812,250,0.0158328,0.0,-0.8316,0.8689,0.026393200000000002,250,0.0334192,0.005472799999999999,250.0,250.0
2026-02-24,687.3499755859375,73798700,19.549999237060547,0.007242225023628812,-0.01026379523865284,0.00794144304864748,-0.5787283090464006,0.008402872807973694,250,-0.0554512,0.0,-0.8074,0.7506,0.0158328,250,0.026393200000000002,0.0334192,250.0,250.0
2026-02-25,693.1500244140625,56369500,17.93000030517578,0.008402872807973694,0.007242225023628812,0.00809416734325017,-1.4319541981308201,-0.005569889023997909,250,0.1083864,0.0,-0.8555,0.8834,-0.0554512,250,0.0158328,0.026393200000000002,250.0,250.0
2026-02-26,689.2999877929688,71671000,18.6299991607666,-0.005569889023997909,0.008402872807973694,0.008149159642472434,-0.6485176684940339,-0.004813536057942436,250,0.0868408,0.0,-0.836,0.875,0.1083864,250,-0.0554512,0.0158328,250.0,250.0
2026-02-27,685.989990234375,83308900,19.860000610351562,-0.004813536057942436,-0.005569889023997909,0.008146916748332931,-0.04844897318585867,0.0005683812096224372,250,-0.0388524,0.0,-0.8481,0.875,0.0868408,250,0.1083864,-0.0554512,250.0,250.0
2026-03-02,686.3800048828125,87477200,21.440000534057617,0.0005683812096224372,-0.004813536057942436,0.008129676708986256,0.14483292330741057,-0.008853417643345907,250,-0.26675960000000004,-0.3506,-0.8765,0.7906,-0.0388524,250,0.0868408,0.1083864,250.0,250.0
2026-03-03,680.3300170898438,104737700,23.56999969482422,-0.008853417643345907,0.0005683812096224372,0.008278876240301342,0.9548684814513351,0.008853417643345907,250,-0.294834,-0.3612,-0.9274,0.8442,-0.26675960000000004,250,-0.0388524,0.0868408,250.0,250.0
